,date,previous_day_crimes,last_7_days_crimes,last_30_days_crimes,dayofweek,month,year,dayofmonth,weekofyear,is_weekend,season,num_of_crimes,y_pred
0,2021-06-01,76.0,569.0,2494.0,1,6,2021,1,22,0,2,167,178.3548399933248
1,2021-06-02,167.0,644.0,2590.0,2,6,2021,2,22,0,2,100,85.39107556906065
2,2021-06-03,100.0,667.0,2604.0,3,6,2021,3,22,0,2,72,87.94041302860788
3,2021-06-04,72.0,657.0,2589.0,4,6,2021,4,22,0,2,91,91.89344502866355
4,2021-06-05,91.0,660.0,2596.0,5,6,2021,5,22,1,2,72,88.77450396063595
5,2021-06-06,72.0,659.0,2564.0,6,6,2021,6,22,1,2,81,78.53845841259977
6,2021-06-07,81.0,659.0,2570.0,0,6,2021,7,23,0,2,84,87.96830999827672
7,2021-06-08,84.0,667.0,2598.0,1,6,2021,8,23,0,2,81,88.82187118171056
8,2021-06-09,81.0,581.0,2610.0,2,6,2021,9,23,0,2,83,86.70287936864796
9,2021-06-10,83.0,564.0,2625.0,3,6,2021,10,23,0,2,99,88.75598385348756
10,2021-06-11,99.0,591.0,2661.0,4,6,2021,11,23,0,2,121,92.6759427522329
11,2021-06-12,121.0,621.0,2684.0,5,6,2021,12,23,1,2,82,89.83063603610374
12,2021-06-13,82.0,631.0,2672.0,6,6,2021,13,23,1,2,66,78.24116239507622
13,2021-06-14,66.0,616.0,2652.0,0,6,2021,14,24,0,2,70,89.20262573897175
14,2021-06-15,70.0,602.0,2639.0,1,6,2021,15,24,0,2,100,88.59398762125444
15,2021-06-16,100.0,621.0,2645.0,2,6,2021,16,24,0,2,104,91.2269920647089
16,2021-06-17,104.0,642.0,2673.0,3,6,2021,17,24,0,2,103,91.19854947049527
17,2021-06-18,103.0,646.0,2681.0,4,6,2021,18,24,0,2,77,91.73607693176379
18,2021-06-19,77.0,602.0,2650.0,5,6,2021,19,24,1,2,103,80.2221107324245
19,2021-06-20,103.0,623.0,2649.0,6,6,2021,20,24,1,2,101,83.79672612700678
20,2021-06-21,101.0,658.0,2657.0,0,6,2021,21,25,0,2,107,85.70758807608678
21,2021-06-22,107.0,695.0,2697.0,1,6,2021,22,25,0,2,104,89.71907794460698
22,2021-06-23,104.0,699.0,2716.0,2,6,2021,23,25,0,2,113,90.16490069302014
23,2021-06-24,113.0,708.0,2750.0,3,6,2021,24,25,0,2,106,94.87538309097381
24,2021-06-25,106.0,711.0,2764.0,4,6,2021,25,25,0,2,102,97.43721231556228
25,2021-06-26,102.0,736.0,2789.0,5,6,2021,26,25,1,2,93,94.59914139089695
26,2021-06-27,93.0,726.0,2800.0,6,6,2021,27,25,1,2,90,89.6262108489809
27,2021-06-28,90.0,715.0,2802.0,0,6,2021,28,26,0,2,119,87.52522183073799
28,2021-06-29,119.0,727.0,2848.0,1,6,2021,29,26,0,2,90,94.86454230723729
29,2021-06-30,90.0,713.0,2857.0,2,6,2021,30,26,0,2,101,95.54432608718595
30,2021-07-01,101.0,701.0,2882.0,3,7,2021,1,26,0,2,152,200.16866713223368
31,2021-07-02,152.0,747.0,2867.0,4,7,2021,2,26,0,2,111,99.09231036845428
32,2021-07-03,111.0,756.0,2878.0,5,7,2021,3,26,1,2,86,96.49140120665305
33,2021-07-04,86.0,749.0,2892.0,6,7,2021,4,26,1,2,86,88.47760039491718
34,2021-07-05,86.0,745.0,2887.0,0,7,2021,5,27,0,2,101,91.48867056720664
35,2021-07-06,101.0,727.0,2916.0,1,7,2021,6,27,0,2,105,95.44067598883767
36,2021-07-07,105.0,742.0,2940.0,2,7,2021,7,27,0,2,85,97.51749164069396
37,2021-07-08,85.0,726.0,2941.0,3,7,2021,8,27,0,2,96,97.04427335270387
38,2021-07-09,96.0,670.0,2956.0,4,7,2021,9,27,0,2,110,96.39489033891991
39,2021-07-10,110.0,669.0,2983.0,5,7,2021,10,27,1,2,82,98.46516045259858
40,2021-07-11,82.0,665.0,2966.0,6,7,2021,11,27,1,2,69,78.82661213480408
41,2021-07-12,69.0,648.0,2914.0,0,7,2021,12,28,0,2,83,89.08000649938114
42,2021-07-13,83.0,630.0,2915.0,1,7,2021,13,28,0,2,79,96.25574732553855
43,2021-07-14,79.0,604.0,2928.0,2,7,2021,14,28,0,2,128,94.69901736176463
44,2021-07-15,128.0,647.0,2986.0,3,7,2021,15,28,0,2,102,107.39562389900648
45,2021-07-16,102.0,653.0,2988.0,4,7,2021,16,28,0,2,113,100.68308736384644
46,2021-07-17,113.0,656.0,2997.0,5,7,2021,17,28,1,2,89,98.56464641125669
47,2021-07-18,89.0,663.0,2983.0,6,7,2021,18,28,1,2,80,77.66547692981833
48,2021-07-19,80.0,674.0,2986.0,0,7,2021,19,29,0,2,91,95.49830215125641
49,2021-07-20,91.0,682.0,2974.0,1,7,2021,20,29,0,2,74,97.65582737927738
50,2021-07-21,74.0,677.0,2947.0,2,7,2021,21,29,0,2,94,91.82339576377986
51,2021-07-22,94.0,643.0,2934.0,3,7,2021,22,29,0,2,114,95.80573388570788
52,2021-07-23,114.0,655.0,2944.0,4,7,2021,23,29,0,2,91,97.47651605383992
53,2021-07-24,91.0,633.0,2922.0,5,7,2021,24,29,1,2,91,95.64860438776337
54,2021-07-25,91.0,635.0,2907.0,6,7,2021,25,29,1,2,96,78.54373752513716
55,2021-07-26,96.0,651.0,2901.0,0,7,2021,26,30,0,2,85,86.62125803451327
56,2021-07-27,85.0,645.0,2893.0,1,7,2021,27,30,0,2,104,94.08538449581627
57,2021-07-28,104.0,675.0,2907.0,2,7,2021,28,30,0,2,116,97.41510379737147
58,2021-07-29,116.0,697.0,2904.0,3,7,2021,29,30,0,2,100,95.85453499958352
59,2021-07-30,100.0,683.0,2914.0,4,7,2021,30,30,0,2,105,97.55126053504586
60,2021-07-31,105.0,697.0,2918.0,5,7,2021,31,30,1,2,86,94.55614316579728
61,2021-08-01,86.0,692.0,2852.0,6,8,2021,1,30,1,2,147,180.6230989667009
62,2021-08-02,147.0,743.0,2888.0,0,8,2021,2,31,0,2,73,88.3766262748449
63,2021-08-03,73.0,731.0,2875.0,1,8,2021,3,31,0,2,106,85.73386206026493
64,2021-08-04,106.0,733.0,2895.0,2,8,2021,4,31,0,2,94,98.54904632790424
65,2021-08-05,94.0,711.0,2888.0,3,8,2021,5,31,0,2,76,96.84274517565987
66,2021-08-06,76.0,687.0,2859.0,4,8,2021,6,31,0,2,90,91.03947689863065
67,2021-08-07,90.0,672.0,2864.0,5,8,2021,7,31,1,2,92,94.91450065466107
68,2021-08-08,92.0,678.0,2860.0,6,8,2021,8,31,1,2,87,83.0969691390323
69,2021-08-09,87.0,618.0,2837.0,0,8,2021,9,32,0,2,91,90.13878406003028
70,2021-08-10,91.0,636.0,2846.0,1,8,2021,10,32,0,2,92,92.85815091409465
71,2021-08-11,92.0,622.0,2869.0,2,8,2021,11,32,0,2,112,96.56892416504012
72,2021-08-12,112.0,640.0,2898.0,3,8,2021,12,32,0,2,115,97.21190929478922
73,2021-08-13,115.0,679.0,2934.0,4,8,2021,13,32,0,2,101,98.36276296193947
74,2021-08-14,101.0,690.0,2907.0,5,8,2021,14,32,1,2,76,97.22400102308316
75,2021-08-15,76.0,674.0,2881.0,6,8,2021,15,32,1,2,92,81.92735614942094
76,2021-08-16,92.0,679.0,2860.0,0,8,2021,16,33,0,2,105,89.43725867995148
77,2021-08-17,105.0,693.0,2876.0,1,8,2021,17,33,0,2,117,96.41185850313653
78,2021-08-18,117.0,718.0,2913.0,2,8,2021,18,33,0,2,122,96.67604111065975
79,2021-08-19,122.0,728.0,2944.0,3,8,2021,19,33,0,2,101,99.47529122197115
80,2021-08-20,101.0,714.0,2971.0,4,8,2021,20,33,0,2,103,99.00312117516904
81,2021-08-21,103.0,716.0,2980.0,5,8,2021,21,33,1,2,99,97.46659168224865
82,2021-08-22,99.0,739.0,2965.0,6,8,2021,22,33,1,2,87,92.72438565744014
83,2021-08-23,87.0,734.0,2961.0,0,8,2021,23,34,0,2,105,89.73790890696367
84,2021-08-24,105.0,734.0,2975.0,1,8,2021,24,34,0,2,106,96.62138482671092
85,2021-08-25,106.0,723.0,2985.0,2,8,2021,25,34,0,2,111,97.97499466988918
86,2021-08-26,111.0,712.0,3011.0,3,8,2021,26,34,0,2,101,97.76665775050229
87,2021-08-27,101.0,712.0,3008.0,4,8,2021,27,34,0,2,99,97.66119662524284
88,2021-08-28,99.0,708.0,2991.0,5,8,2021,28,34,1,2,101,95.91228073524836
89,2021-08-29,101.0,710.0,2992.0,6,8,2021,29,34,1,2,91,95.57578809196299
90,2021-08-30,91.0,714.0,2978.0,0,8,2021,30,35,0,2,102,83.1222219658208
91,2021-08-31,102.0,711.0,2994.0,1,8,2021,31,35,0,2,110,94.39863775770385
92,2021-09-01,110.0,715.0,2957.0,2,9,2021,1,35,0,3,229,200.78498098544975
93,2021-09-02,229.0,833.0,3113.0,3,9,2021,2,35,0,3,127,107.50806610432379
94,2021-09-03,127.0,859.0,3134.0,4,9,2021,3,35,0,3,136,104.53105666078554
95,2021-09-04,136.0,896.0,3176.0,5,9,2021,4,35,1,3,98,101.91301790544706
96,2021-09-05,98.0,893.0,3198.0,6,9,2021,5,35,1,3,116,89.89646313623474
97,2021-09-06,116.0,918.0,3224.0,0,9,2021,6,36,0,3,104,101.06504110238771
98,2021-09-07,104.0,920.0,3236.0,1,9,2021,7,36,0,3,95,103.39198556669824
99,2021-09-08,95.0,905.0,3244.0,2,9,2021,8,36,0,3,102,101.5848062382633
100,2021-09-09,102.0,778.0,3255.0,3,9,2021,9,36,0,3,107,105.45265161124105
101,2021-09-10,107.0,758.0,3270.0,4,9,2021,10,36,0,3,110,109.02848297251742
102,2021-09-11,110.0,732.0,3268.0,5,9,2021,11,36,1,3,100,106.95044665600206
103,2021-09-12,100.0,734.0,3253.0,6,9,2021,12,36,1,3,105,95.70967250654022
104,2021-09-13,105.0,723.0,3257.0,0,9,2021,13,37,0,3,96,105.3350189124998
105,2021-09-14,96.0,715.0,3277.0,1,9,2021,14,37,0,3,93,102.22635906684893
106,2021-09-15,93.0,713.0,3278.0,2,9,2021,15,37,0,3,122,101.15925562246328
107,2021-09-16,122.0,733.0,3295.0,3,9,2021,16,37,0,3,126,110.81168530718318
108,2021-09-17,126.0,752.0,3304.0,4,9,2021,17,37,0,3,117,110.98213319844855
109,2021-09-18,117.0,759.0,3299.0,5,9,2021,18,37,1,3,111,108.16305459107302
110,2021-09-19,111.0,770.0,3309.0,6,9,2021,19,37,1,3,125,99.67414464444931
111,2021-09-20,125.0,790.0,3331.0,0,9,2021,20,38,0,3,89,112.64200594481557
112,2021-09-21,89.0,783.0,3321.0,1,9,2021,21,38,0,3,129,111.66239298649556
113,2021-09-22,129.0,819.0,3363.0,2,9,2021,22,38,0,3,123,117.05625055735824
114,2021-09-23,123.0,820.0,3381.0,3,9,2021,23,38,0,3,95,116.88805848043769
115,2021-09-24,95.0,789.0,3370.0,4,9,2021,24,38,0,3,136,115.29239471463347
116,2021-09-25,136.0,808.0,3395.0,5,9,2021,25,38,1,3,111,109.6709605621576
117,2021-09-26,111.0,808.0,3405.0,6,9,2021,26,38,1,3,85,102.32302814705992
118,2021-09-27,85.0,768.0,3391.0,0,9,2021,27,39,0,3,120,110.72528453406889
119,2021-09-28,120.0,799.0,3410.0,1,9,2021,28,39,0,3,117,116.89320566776139
120,2021-09-29,117.0,787.0,3436.0,2,9,2021,29,39,0,3,111,119.37924161986817
121,2021-09-30,111.0,775.0,3445.0,3,9,2021,30,39,0,3,127,113.16812233296008
122,2021-10-01,127.0,807.0,3462.0,4,10,2021,1,39,0,3,256,191.10726833062765
123,2021-10-02,256.0,927.0,3489.0,5,10,2021,2,39,1,3,123,113.29359185674626
124,2021-10-03,123.0,939.0,3485.0,6,10,2021,3,39,1,3,104,102.08631586472093
125,2021-10-04,104.0,958.0,3453.0,0,10,2021,4,40,0,3,86,95.46318651102163
126,2021-10-05,86.0,924.0,3441.0,1,10,2021,5,40,0,3,122,103.01989051313042
127,2021-10-06,122.0,929.0,3447.0,2,10,2021,6,40,0,3,121,98.87936010992499
128,2021-10-07,121.0,939.0,3464.0,3,10,2021,7,40,0,3,116,100.18481392447735
129,2021-10-08,116.0,928.0,3485.0,4,10,2021,8,40,0,3,102,102.49040891013924
130,2021-10-09,102.0,774.0,3485.0,5,10,2021,9,40,1,3,123,97.73247232993285
131,2021-10-10,123.0,774.0,3501.0,6,10,2021,10,40,1,3,109,98.91010487667084
132,2021-10-11,109.0,779.0,3500.0,0,10,2021,11,41,0,3,115,102.07938379203607
133,2021-10-12,115.0,808.0,3515.0,1,10,2021,12,41,0,3,126,106.5168385899294
134,2021-10-13,126.0,812.0,3536.0,2,10,2021,13,41,0,3,110,107.17500494000988
135,2021-10-14,110.0,801.0,3550.0,3,10,2021,14,41,0,3,113,109.67214018964687
136,2021-10-15,113.0,798.0,3570.0,4,10,2021,15,41,0,3,130,109.11553596542583
137,2021-10-16,130.0,826.0,3578.0,5,10,2021,16,41,1,3,96,104.56051162664653
138,2021-10-17,96.0,799.0,3548.0,6,10,2021,17,41,1,3,91,96.27830137487325
139,2021-10-18,91.0,781.0,3522.0,0,10,2021,18,42,0,3,119,99.34537452188006
140,2021-10-19,119.0,785.0,3530.0,1,10,2021,19,42,0,3,117,108.36474434420488
141,2021-10-20,117.0,776.0,3522.0,2,10,2021,20,42,0,3,116,107.63423892801684
142,2021-10-21,116.0,782.0,3549.0,3,10,2021,21,42,0,3,82,111.49480964352709
143,2021-10-22,82.0,751.0,3502.0,4,10,2021,22,42,0,3,113,102.15332944536466
144,2021-10-23,113.0,734.0,3492.0,5,10,2021,23,42,1,3,102,111.47603128950608
145,2021-10-24,102.0,740.0,3499.0,6,10,2021,24,42,1,3,85,103.56050652118165
146,2021-10-25,85.0,734.0,3448.0,0,10,2021,25,43,0,3,112,102.88788135232777
147,2021-10-26,112.0,727.0,3449.0,1,10,2021,26,43,0,3,95,111.7929125912064
148,2021-10-27,95.0,705.0,3459.0,2,10,2021,27,43,0,3,97,104.79843125507118
149,2021-10-28,97.0,686.0,3436.0,3,10,2021,28,43,0,3,102,109.34248360070745
150,2021-10-29,102.0,706.0,3421.0,4,10,2021,29,43,0,3,107,111.93964293749931
151,2021-10-30,107.0,700.0,3417.0,5,10,2021,30,43,1,3,111,117.01477501913742
152,2021-10-31,111.0,709.0,3401.0,6,10,2021,31,43,1,3,96,111.65062163512903
153,2021-11-01,96.0,720.0,3241.0,0,11,2021,1,44,0,3,222,187.04928905874215
154,2021-11-02,222.0,830.0,3340.0,1,11,2021,2,44,0,3,100,114.1160666594629
155,2021-11-03,100.0,835.0,3336.0,2,11,2021,3,44,0,3,106,109.36383822541202
156,2021-11-04,106.0,844.0,3356.0,3,11,2021,4,44,0,3,122,113.33053179548072
157,2021-11-05,122.0,864.0,3356.0,4,11,2021,5,44,0,3,108,109.73648077522301
158,2021-11-06,108.0,865.0,3343.0,5,11,2021,6,44,1,3,93,110.3488477933902
159,2021-11-07,93.0,847.0,3320.0,6,11,2021,7,44,1,3,78,96.28936135562341
160,2021-11-08,78.0,829.0,3296.0,0,11,2021,8,45,0,3,98,103.20694296300329
161,2021-11-09,98.0,705.0,3271.0,1,11,2021,9,45,0,3,121,104.80384131818177
162,2021-11-10,121.0,726.0,3283.0,2,11,2021,10,45,0,3,113,110.58192112725645
163,2021-11-11,113.0,733.0,3281.0,3,11,2021,11,45,0,3,130,112.69856070326632
164,2021-11-12,130.0,741.0,3285.0,4,11,2021,12,45,0,3,131,112.03890608846568
165,2021-11-13,131.0,764.0,3306.0,5,11,2021,13,45,1,3,109,108.82183103435358
166,2021-11-14,109.0,780.0,3302.0,6,11,2021,14,45,1,3,108,98.74859739589245
167,2021-11-15,108.0,810.0,3280.0,0,11,2021,15,46,0,3,108,107.45389408057727
168,2021-11-16,108.0,820.0,3292.0,1,11,2021,16,46,0,3,118,109.00589009730669
169,2021-11-17,118.0,817.0,3319.0,2,11,2021,17,46,0,3,110,110.46376756654008
170,2021-11-18,110.0,814.0,3310.0,3,11,2021,18,46,0,3,128,111.73158927452273
171,2021-11-19,128.0,812.0,3321.0,4,11,2021,19,46,0,3,129,112.1672607681446
172,2021-11-20,129.0,810.0,3334.0,5,11,2021,20,46,1,3,98,111.01534071240606
173,2021-11-21,98.0,799.0,3350.0,6,11,2021,21,46,1,3,103,99.45076168029739
174,2021-11-22,103.0,794.0,3340.0,0,11,2021,22,47,0,3,112,105.64172567289594
175,2021-11-23,112.0,798.0,3350.0,1,11,2021,23,47,0,3,103,111.72171997878056
176,2021-11-24,103.0,783.0,3368.0,2,11,2021,24,47,0,3,116,108.17832611372779
177,2021-11-25,116.0,789.0,3372.0,3,11,2021,25,47,0,3,99,113.84149519885234
178,2021-11-26,99.0,760.0,3376.0,4,11,2021,26,47,0,3,99,107.16632639761515
179,2021-11-27,99.0,730.0,3378.0,5,11,2021,27,47,1,3,111,110.40358842719978
180,2021-11-28,111.0,743.0,3387.0,6,11,2021,28,47,1,3,89,105.82384494174217
181,2021-11-29,89.0,729.0,3369.0,0,11,2021,29,48,0,3,98,109.61034092110135
182,2021-11-30,98.0,715.0,3356.0,1,11,2021,30,48,0,3,109,108.09856305305684
183,2021-12-01,109.0,721.0,3369.0,2,12,2021,1,48,0,4,206,184.23794075426886
184,2021-12-02,206.0,811.0,3353.0,3,12,2021,2,48,0,4,109,102.98884692305498
185,2021-12-03,109.0,821.0,3362.0,4,12,2021,3,48,0,4,96,113.16183560210958
186,2021-12-04,96.0,818.0,3352.0,5,12,2021,4,48,1,4,97,108.10412998194371
187,2021-12-05,97.0,804.0,3327.0,6,12,2021,5,48,1,4,85,94.57490952492338
188,2021-12-06,85.0,800.0,3304.0,0,12,2021,6,49,0,4,103,104.04584840140566
189,2021-12-07,103.0,805.0,3314.0,1,12,2021,7,49,0,4,119,105.27958376562069
190,2021-12-08,119.0,815.0,3355.0,2,12,2021,8,49,0,4,109,109.41905878195058
191,2021-12-09,109.0,718.0,3366.0,3,12,2021,9,49,0,4,109,113.62204250871153
192,2021-12-10,109.0,718.0,3354.0,4,12,2021,10,49,0,4,104,114.47937185642132
193,2021-12-11,104.0,726.0,3345.0,5,12,2021,11,49,1,4,114,109.51252934736057
194,2021-12-12,114.0,743.0,3329.0,6,12,2021,12,49,1,4,99,100.58244408827092
195,2021-12-13,99.0,757.0,3297.0,0,12,2021,13,50,0,4,103,105.06729113194544
196,2021-12-14,103.0,757.0,3291.0,1,12,2021,14,50,0,4,87,105.51559863701014
197,2021-12-15,87.0,725.0,3270.0,2,12,2021,15,50,0,4,101,101.67276720248053
198,2021-12-16,101.0,717.0,3263.0,3,12,2021,16,50,0,4,124,106.82288491356276
199,2021-12-17,124.0,732.0,3269.0,4,12,2021,17,50,0,4,99,112.09284516522607
200,2021-12-18,99.0,727.0,3258.0,5,12,2021,18,50,1,4,108,109.00550480692728
201,2021-12-19,108.0,721.0,3238.0,6,12,2021,19,50,1,4,88,101.68211337930505
202,2021-12-20,88.0,710.0,3197.0,0,12,2021,20,51,0,4,109,99.9096053000021
203,2021-12-21,109.0,716.0,3208.0,1,12,2021,21,51,0,4,128,101.25994151702722
204,2021-12-22,128.0,757.0,3233.0,2,12,2021,22,51,0,4,101,103.01079499234343
205,2021-12-23,101.0,757.0,3222.0,3,12,2021,23,51,0,4,105,102.22768591185044
206,2021-12-24,105.0,738.0,3224.0,4,12,2021,24,51,0,4,92,102.01608206147519
207,2021-12-25,92.0,731.0,3200.0,5,12,2021,25,51,1,4,73,96.89079685436695
208,2021-12-26,73.0,696.0,3174.0,6,12,2021,26,51,1,4,60,97.90280581255531
209,2021-12-27,60.0,668.0,3135.0,0,12,2021,27,52,0,4,69,85.27224682531754
210,2021-12-28,69.0,628.0,3093.0,1,12,2021,28,52,0,4,94,76.22916707395508
211,2021-12-29,94.0,594.0,3098.0,2,12,2021,29,52,0,4,119,77.02663272290089
212,2021-12-30,119.0,612.0,3119.0,3,12,2021,30,52,0,4,87,77.22694163223622
213,2021-12-31,87.0,594.0,3097.0,4,12,2021,31,52,0,4,88,77.91552200955498
214,2022-01-01,88.0,590.0,2979.0,5,1,2022,1,52,1,4,226,246.24008257801225
215,2022-01-02,226.0,743.0,3096.0,6,1,2022,2,52,1,4,63,89.73647424523811
216,2022-01-03,63.0,746.0,3063.0,0,1,2022,3,1,0,4,79,90.78241724135141
217,2022-01-04,79.0,756.0,3045.0,1,1,2022,4,1,0,4,98,86.08538468781197
218,2022-01-05,98.0,760.0,3058.0,2,1,2022,5,1,0,4,106,90.02075581297326
219,2022-01-06,106.0,747.0,3061.0,3,1,2022,6,1,0,4,89,96.11393940789725
220,2022-01-07,89.0,749.0,3031.0,4,1,2022,7,1,0,4,93,90.81749132297674
221,2022-01-08,93.0,754.0,3015.0,5,1,2022,8,1,1,4,83,87.69877188009671
222,2022-01-09,83.0,611.0,2989.0,6,1,2022,9,1,1,4,79,75.0101670860207
223,2022-01-10,79.0,627.0,2964.0,0,1,2022,10,2,0,4,97,94.49389744190044
224,2022-01-11,97.0,645.0,2947.0,1,1,2022,11,2,0,4,98,96.61434043031151
225,2022-01-12,98.0,645.0,2946.0,2,1,2022,12,2,0,4,105,99.25877718018457
226,2022-01-13,105.0,644.0,2948.0,3,1,2022,13,2,0,4,81,99.64857300160048
227,2022-01-14,81.0,636.0,2942.0,4,1,2022,14,2,0,4,102,97.41927747474939
228,2022-01-15,102.0,645.0,2943.0,5,1,2022,15,2,1,4,91,98.35163017251347
229,2022-01-16,91.0,653.0,2910.0,6,1,2022,16,2,1,4,80,77.94702680923538
230,2022-01-17,80.0,654.0,2891.0,0,1,2022,17,3,0,4,68,91.66740698828082
231,2022-01-18,68.0,625.0,2851.0,1,1,2022,18,3,0,4,59,90.64762919309946
232,2022-01-19,59.0,586.0,2822.0,2,1,2022,19,3,0,4,95,85.93754762311627
233,2022-01-20,95.0,576.0,2808.0,3,1,2022,20,3,0,4,90,101.6224191383362
234,2022-01-21,90.0,585.0,2770.0,4,1,2022,21,3,0,4,105,98.75844678215408
235,2022-01-22,105.0,588.0,2774.0,5,1,2022,22,3,1,4,100,94.63861180557207
236,2022-01-23,100.0,597.0,2769.0,6,1,2022,23,3,1,4,75,86.97444435536794
237,2022-01-24,75.0,592.0,2752.0,0,1,2022,24,4,0,4,81,79.43029889407404
238,2022-01-25,81.0,605.0,2760.0,1,1,2022,25,4,0,4,106,89.36438577487519
239,2022-01-26,106.0,652.0,2806.0,2,1,2022,26,4,0,4,101,97.46847605413599
240,2022-01-27,101.0,658.0,2838.0,3,1,2022,27,4,0,4,84,97.45979338434101
241,2022-01-28,84.0,652.0,2828.0,4,1,2022,28,4,0,4,121,96.06825544643793
242,2022-01-29,121.0,668.0,2830.0,5,1,2022,29,4,1,4,80,99.9895137912268
243,2022-01-30,80.0,648.0,2823.0,6,1,2022,30,4,1,4,91,87.96877824452014
244,2022-01-31,91.0,664.0,2826.0,0,1,2022,31,5,0,4,103,84.12308086945603
245,2022-02-01,103.0,686.0,2703.0,1,2,2022,1,5,0,4,182,173.07546514903171
246,2022-02-02,182.0,762.0,2822.0,2,2,2022,2,5,0,4,94,98.11461421030438
247,2022-02-03,94.0,755.0,2837.0,3,2,2022,3,5,0,4,88,96.41813000628878
248,2022-02-04,88.0,759.0,2827.0,4,2,2022,4,5,0,4,111,95.73280584012467
249,2022-02-05,111.0,749.0,2832.0,5,2,2022,5,5,1,4,83,98.57274117011688
250,2022-02-06,83.0,752.0,2826.0,6,2,2022,6,5,1,4,74,81.1450869727214
251,2022-02-07,74.0,735.0,2807.0,0,2,2022,7,6,0,4,88,87.51728215602192
252,2022-02-08,88.0,720.0,2812.0,1,2,2022,8,6,0,4,108,94.70459261450861
253,2022-02-09,108.0,646.0,2841.0,2,2,2022,9,6,0,4,117,97.36141476179242
254,2022-02-10,117.0,669.0,2861.0,3,2,2022,10,6,0,4,107,98.18833604637649
255,2022-02-11,107.0,688.0,2870.0,4,2,2022,11,6,0,4,116,99.82108448086291
256,2022-02-12,116.0,693.0,2881.0,5,2,2022,12,6,1,4,94,99.11377093445336
257,2022-02-13,94.0,704.0,2894.0,6,2,2022,13,6,1,4,84,81.18869671422281
258,2022-02-14,84.0,714.0,2876.0,0,2,2022,14,7,0,4,84,90.02389234624233
259,2022-02-15,84.0,710.0,2869.0,1,2,2022,15,7,0,4,89,94.80137653499236
260,2022-02-16,89.0,691.0,2878.0,2,2,2022,16,7,0,4,104,98.56660916755477
261,2022-02-17,104.0,678.0,2914.0,3,2,2022,17,7,0,4,107,99.72272925851003
262,2022-02-18,107.0,678.0,2962.0,4,2,2022,18,7,0,4,92,99.83065395772957
263,2022-02-19,92.0,654.0,2959.0,5,2,2022,19,7,1,4,114,97.47479095596962
264,2022-02-20,114.0,674.0,2983.0,6,2,2022,20,7,1,4,85,84.42673802927769
265,2022-02-21,85.0,675.0,2963.0,0,2,2022,21,8,0,4,95,92.42002942252223
266,2022-02-22,95.0,686.0,2958.0,1,2,2022,22,8,0,4,143,95.82350884499034
267,2022-02-23,143.0,740.0,3026.0,2,2,2022,23,8,0,4,130,99.22854468901991
268,2022-02-24,130.0,766.0,3075.0,3,2,2022,24,8,0,4,95,103.77086443863625
269,2022-02-25,95.0,754.0,3064.0,4,2,2022,25,8,0,4,83,99.54312664739365
270,2022-02-26,83.0,745.0,3046.0,5,2,2022,26,8,1,4,95,97.35021222914503
271,2022-02-27,95.0,726.0,3057.0,6,2,2022,27,8,1,4,99,86.0584336141423
272,2022-02-28,99.0,740.0,3035.0,0,2,2022,28,9,0,4,91,95.26382413657412
273,2022-03-01,91.0,736.0,3046.0,1,3,2022,1,9,0,1,183,188.04845459014615
274,2022-03-02,183.0,776.0,3138.0,2,3,2022,2,9,0,1,116,100.59572490706474
275,2022-03-03,116.0,762.0,3151.0,3,3,2022,3,9,0,1,109,104.06997814654417
276,2022-03-04,109.0,776.0,3078.0,4,3,2022,4,9,0,1,144,104.05346064786221
277,2022-03-05,144.0,837.0,3128.0,5,3,2022,5,9,1,1,103,98.94084717990737
278,2022-03-06,103.0,845.0,3143.0,6,3,2022,6,9,1,1,96,88.09435500336495
279,2022-03-07,96.0,842.0,3128.0,0,3,2022,7,10,0,1,95,92.85205752396685
280,2022-03-08,95.0,846.0,3140.0,1,3,2022,8,10,0,1,106,97.00182541651492
281,2022-03-09,106.0,769.0,3172.0,2,3,2022,9,10,0,1,120,104.09072742528892
282,2022-03-10,120.0,773.0,3204.0,3,3,2022,10,10,0,1,125,104.66849027588732
283,2022-03-11,125.0,789.0,3221.0,4,3,2022,11,10,0,1,117,105.82273708683532
284,2022-03-12,117.0,762.0,3221.0,5,3,2022,12,10,1,1,99,103.02934017913621
285,2022-03-13,99.0,758.0,3213.0,6,3,2022,13,10,1,1,110,93.27674034591713
286,2022-03-14,110.0,772.0,3207.0,0,3,2022,14,11,0,1,100,101.62677909360877
287,2022-03-15,100.0,777.0,3213.0,1,3,2022,15,11,0,1,87,105.83761227490868
288,2022-03-16,87.0,758.0,3216.0,2,3,2022,16,11,0,1,136,99.09476657086937
289,2022-03-17,136.0,774.0,3268.0,3,3,2022,17,11,0,1,118,104.02067337960462
290,2022-03-18,118.0,767.0,3297.0,4,3,2022,18,11,0,1,143,108.1957474813899
291,2022-03-19,143.0,793.0,3336.0,5,3,2022,19,11,1,1,104,105.90215373904924
292,2022-03-20,104.0,798.0,3333.0,6,3,2022,20,11,1,1,115,94.73947755055298
293,2022-03-21,115.0,803.0,3356.0,0,3,2022,21,12,0,1,112,112.02759696115896
294,2022-03-22,112.0,815.0,3354.0,1,3,2022,22,12,0,1,97,111.83011222006984
295,2022-03-23,97.0,825.0,3366.0,2,3,2022,23,12,0,1,84,111.46916864633657
296,2022-03-24,84.0,773.0,3355.0,3,3,2022,24,12,0,1,95,105.72183575870736
297,2022-03-25,95.0,750.0,3307.0,4,3,2022,25,12,0,1,109,107.88800352712195
298,2022-03-26,109.0,716.0,3286.0,5,3,2022,26,12,1,1,101,110.739185601493
299,2022-03-27,101.0,713.0,3292.0,6,3,2022,27,12,1,1,113,99.9252869038855
300,2022-03-28,113.0,711.0,3322.0,0,3,2022,28,13,0,1,100,111.09938966856939
301,2022-03-29,100.0,699.0,3327.0,1,3,2022,29,13,0,1,94,107.40928911528304
302,2022-03-30,94.0,696.0,3322.0,2,3,2022,30,13,0,1,103,108.5262686674985
303,2022-03-31,103.0,715.0,3334.0,3,3,2022,31,13,0,1,105,108.59779672315034
304,2022-04-01,105.0,725.0,3256.0,4,4,2022,1,13,0,1,193,187.53168756012502
305,2022-04-02,193.0,809.0,3333.0,5,4,2022,2,13,1,1,86,103.1140894923313
306,2022-04-03,86.0,794.0,3310.0,6,4,2022,3,13,1,1,106,93.85139097968762
307,2022-04-04,106.0,787.0,3272.0,0,4,2022,4,14,0,1,108,104.64871891364602
308,2022-04-05,108.0,795.0,3277.0,1,4,2022,5,14,0,1,129,104.8646628875724
309,2022-04-06,129.0,830.0,3310.0,2,4,2022,6,14,0,1,117,105.5971845818685
310,2022-04-07,117.0,844.0,3332.0,3,4,2022,7,14,0,1,110,105.39899680214022
311,2022-04-08,110.0,849.0,3336.0,4,4,2022,8,14,0,1,96,107.7072801887663
312,2022-04-09,96.0,752.0,3312.0,5,4,2022,9,14,1,1,74,105.22158019627055
313,2022-04-10,74.0,740.0,3261.0,6,4,2022,10,14,1,1,108,96.6310202367816
314,2022-04-11,108.0,742.0,3252.0,0,4,2022,11,15,0,1,93,107.07188748949551
315,2022-04-12,93.0,727.0,3246.0,1,4,2022,12,15,0,1,94,105.04531448951067
316,2022-04-13,94.0,692.0,3230.0,2,4,2022,13,15,0,1,161,106.63274397596507
317,2022-04-14,161.0,736.0,3291.0,3,4,2022,14,15,0,1,124,105.30455689985443
318,2022-04-15,124.0,750.0,3328.0,4,4,2022,15,15,0,1,96,108.82064857092088
319,2022-04-16,96.0,750.0,3288.0,5,4,2022,16,15,1,1,88,105.50117247192155
320,2022-04-17,88.0,764.0,3258.0,6,4,2022,17,15,1,1,96,93.8447414105459
321,2022-04-18,96.0,752.0,3211.0,0,4,2022,18,16,0,1,101,101.1727742563948
322,2022-04-19,101.0,760.0,3208.0,1,4,2022,19,16,0,1,121,102.49311097551052
323,2022-04-20,121.0,787.0,3214.0,2,4,2022,20,16,0,1,138,106.29349308590632
324,2022-04-21,138.0,764.0,3240.0,3,4,2022,21,16,0,1,134,104.90071223448182
325,2022-04-22,134.0,774.0,3277.0,4,4,2022,22,16,0,1,129,105.64057786332222
326,2022-04-23,129.0,807.0,3322.0,5,4,2022,23,16,1,1,89,107.69456916171228
327,2022-04-24,89.0,808.0,3316.0,6,4,2022,24,16,1,1,107,94.04034478373927
328,2022-04-25,107.0,819.0,3314.0,0,4,2022,25,17,0,1,115,111.86904487329282
329,2022-04-26,115.0,833.0,3328.0,1,4,2022,26,17,0,1,117,112.6663207304474
330,2022-04-27,117.0,829.0,3332.0,2,4,2022,27,17,0,1,135,112.73714491281152
331,2022-04-28,135.0,826.0,3367.0,3,4,2022,28,17,0,1,115,113.75339614924079
332,2022-04-29,115.0,807.0,3388.0,4,4,2022,29,17,0,1,100,113.98492204995169
333,2022-04-30,100.0,778.0,3385.0,5,4,2022,30,17,1,1,85,108.1177942780568
334,2022-05-01,85.0,774.0,3365.0,6,5,2022,1,17,1,1,158,187.48290201118326
335,2022-05-02,158.0,825.0,3330.0,0,5,2022,2,18,0,1,106,102.18641140342176
336,2022-05-03,106.0,816.0,3350.0,1,5,2022,3,18,0,1,102,110.00139413514742
337,2022-05-04,102.0,801.0,3346.0,2,5,2022,4,18,0,1,95,111.65073733733819
338,2022-05-05,95.0,761.0,3333.0,3,5,2022,5,18,0,1,111,107.70588800864968
339,2022-05-06,111.0,757.0,3315.0,4,5,2022,6,18,0,1,118,110.07848721141983
340,2022-05-07,118.0,775.0,3316.0,5,5,2022,7,18,1,1,107,105.50827657116055
341,2022-05-08,107.0,797.0,3313.0,6,5,2022,8,18,1,1,100,89.95758892195836
342,2022-05-09,100.0,739.0,3317.0,0,5,2022,9,19,0,1,112,106.6433611790099
343,2022-05-10,112.0,745.0,3355.0,1,5,2022,10,19,0,1,114,109.1599683720938
344,2022-05-11,114.0,757.0,3361.0,2,5,2022,11,19,0,1,103,109.89170983665207
345,2022-05-12,103.0,765.0,3371.0,3,5,2022,12,19,0,1,102,109.44681545483033
346,2022-05-13,102.0,756.0,3379.0,4,5,2022,13,19,0,1,101,111.53561850912972
347,2022-05-14,101.0,739.0,3319.0,5,5,2022,14,19,1,1,103,107.41930083934113
348,2022-05-15,103.0,735.0,3298.0,6,5,2022,15,19,1,1,117,96.14605260645502
349,2022-05-16,117.0,752.0,3319.0,0,5,2022,16,20,0,1,101,106.65761067455784
350,2022-05-17,101.0,741.0,3332.0,1,5,2022,17,20,0,1,120,109.14716365380893
351,2022-05-18,120.0,747.0,3356.0,2,5,2022,18,20,0,1,109,110.13430027294962
352,2022-05-19,109.0,753.0,3364.0,3,5,2022,19,20,0,1,126,114.66566980064886
353,2022-05-20,126.0,777.0,3369.0,4,5,2022,20,20,0,1,160,112.39445695407585
354,2022-05-21,160.0,836.0,3391.0,5,5,2022,21,20,1,1,104,104.10669657200043
355,2022-05-22,104.0,837.0,3361.0,6,5,2022,22,20,1,1,118,96.04648444426572
356,2022-05-23,118.0,838.0,3350.0,0,5,2022,23,21,0,1,104,114.01767579786912
357,2022-05-24,104.0,841.0,3365.0,1,5,2022,24,21,0,1,107,114.30699063159437
358,2022-05-25,107.0,828.0,3365.0,2,5,2022,25,21,0,1,114,117.03525842254447
359,2022-05-26,114.0,833.0,3364.0,3,5,2022,26,21,0,1,99,116.6048617010178
360,2022-05-27,99.0,806.0,3346.0,4,5,2022,27,21,0,1,104,112.23045522427667
361,2022-05-28,104.0,750.0,3315.0,5,5,2022,28,21,1,1,120,107.12805480640957
362,2022-05-29,120.0,766.0,3320.0,6,5,2022,29,21,1,1,102,102.60606236633356
363,2022-05-30,102.0,750.0,3322.0,0,5,2022,30,22,0,1,110,110.07585049167163
364,2022-05-31,110.0,756.0,3347.0,1,5,2022,31,22,0,1,115,112.07789787456663
365,2022-06-01,115.0,764.0,3304.0,2,6,2022,1,22,0,2,256,193.93909000721501
366,2022-06-02,256.0,906.0,3454.0,3,6,2022,2,22,0,2,112,115.5191785283166
367,2022-06-03,112.0,919.0,3464.0,4,6,2022,3,22,0,2,103,103.79277781442242
368,2022-06-04,103.0,918.0,3472.0,5,6,2022,4,22,1,2,120,99.69077461965404
369,2022-06-05,120.0,918.0,3481.0,6,6,2022,5,22,1,2,106,95.23707600576489
370,2022-06-06,106.0,922.0,3469.0,0,6,2022,6,23,0,2,122,101.29235282307062
371,2022-06-07,122.0,934.0,3484.0,1,6,2022,7,23,0,2,90,100.36537911431586
372,2022-06-08,90.0,909.0,3474.0,2,6,2022,8,23,0,2,120,102.30448430932225
373,2022-06-09,120.0,773.0,3482.0,3,6,2022,9,23,0,2,127,105.40330585969521
374,2022-06-10,127.0,788.0,3495.0,4,6,2022,10,23,0,2,120,108.72482257575051
375,2022-06-11,120.0,805.0,3512.0,5,6,2022,11,23,1,2,117,103.59451686899322
376,2022-06-12,117.0,802.0,3527.0,6,6,2022,12,23,1,2,128,94.07104288977828
377,2022-06-13,128.0,824.0,3554.0,0,6,2022,13,24,0,2,95,104.424145440292
378,2022-06-14,95.0,797.0,3546.0,1,6,2022,14,24,0,2,135,102.85346276315808
379,2022-06-15,135.0,842.0,3564.0,2,6,2022,15,24,0,2,130,105.69584398660558
380,2022-06-16,130.0,852.0,3593.0,3,6,2022,16,24,0,2,114,105.1904051885923
381,2022-06-17,114.0,839.0,3587.0,4,6,2022,17,24,0,2,113,108.02589509648459
382,2022-06-18,113.0,832.0,3591.0,5,6,2022,18,24,1,2,99,104.00804227567707
383,2022-06-19,99.0,814.0,3564.0,6,6,2022,19,24,1,2,110,94.1533290683693
384,2022-06-20,110.0,796.0,3514.0,0,6,2022,20,25,0,2,108,108.71937811758117
385,2022-06-21,108.0,809.0,3518.0,1,6,2022,21,25,0,2,128,110.15259723450302
386,2022-06-22,128.0,802.0,3528.0,2,6,2022,22,25,0,2,123,111.27089581691077
387,2022-06-23,123.0,795.0,3547.0,3,6,2022,23,25,0,2,138,113.02020835578406
388,2022-06-24,138.0,819.0,3578.0,4,6,2022,24,25,0,2,103,108.69236878299881
389,2022-06-25,103.0,809.0,3567.0,5,6,2022,25,25,1,2,118,104.75952120169364
390,2022-06-26,118.0,828.0,3586.0,6,6,2022,26,25,1,2,111,97.92787941914285
391,2022-06-27,111.0,829.0,3593.0,0,6,2022,27,26,0,2,87,113.19563753110866
392,2022-06-28,87.0,808.0,3560.0,1,6,2022,28,26,0,2,103,107.54034328124348
393,2022-06-29,103.0,783.0,3561.0,2,6,2022,29,26,0,2,135,108.9405608956162
394,2022-06-30,135.0,795.0,3586.0,3,6,2022,30,26,0,2,102,114.13525310097383
395,2022-07-01,102.0,759.0,3573.0,4,7,2022,1,26,0,2,174,194.3764490891053
396,2022-07-02,174.0,830.0,3491.0,5,7,2022,2,26,1,2,104,100.75829099587199
397,2022-07-03,104.0,816.0,3483.0,6,7,2022,3,26,1,2,100,95.97332218046799
398,2022-07-04,100.0,805.0,3480.0,0,7,2022,4,27,0,2,107,99.68559274381627
399,2022-07-05,107.0,825.0,3467.0,1,7,2022,5,27,0,2,91,106.36314288157661
400,2022-07-06,91.0,813.0,3452.0,2,7,2022,6,27,0,2,110,104.23557264249912
401,2022-07-07,110.0,788.0,3440.0,3,7,2022,7,27,0,2,105,109.6371176518995
402,2022-07-08,105.0,791.0,3455.0,4,7,2022,8,27,0,2,105,105.75794829665708
403,2022-07-09,105.0,722.0,3440.0,5,7,2022,9,27,1,2,104,104.35454109157685
404,2022-07-10,104.0,722.0,3417.0,6,7,2022,10,27,1,2,98,98.53620139608968
405,2022-07-11,98.0,720.0,3395.0,0,7,2022,11,28,0,2,107,109.8700407588627
406,2022-07-12,107.0,720.0,3385.0,1,7,2022,12,28,0,2,103,111.42138043805808
407,2022-07-13,103.0,732.0,3360.0,2,7,2022,13,28,0,2,141,109.71496319576413
408,2022-07-14,141.0,763.0,3406.0,3,7,2022,14,28,0,2,113,104.62789956961406
409,2022-07-15,113.0,771.0,3384.0,4,7,2022,15,28,0,2,147,113.7124300727231
410,2022-07-16,147.0,813.0,3401.0,5,7,2022,16,28,1,2,110,103.2164944718329
411,2022-07-17,110.0,819.0,3397.0,6,7,2022,17,28,1,2,112,96.47066327667393
412,2022-07-18,112.0,833.0,3396.0,0,7,2022,18,29,0,2,102,113.06164069734112
413,2022-07-19,102.0,828.0,3399.0,1,7,2022,19,29,0,2,126,112.20351355966777
414,2022-07-20,126.0,851.0,3415.0,2,7,2022,20,29,0,2,138,110.95245687588067
415,2022-07-21,138.0,848.0,3445.0,3,7,2022,21,29,0,2,123,106.03506703091192
416,2022-07-22,123.0,858.0,3440.0,4,7,2022,22,29,0,2,137,108.33315695002621
417,2022-07-23,137.0,848.0,3454.0,5,7,2022,23,29,1,2,117,105.0232028084552
418,2022-07-24,117.0,855.0,3433.0,6,7,2022,24,29,1,2,90,98.5597631817718
419,2022-07-25,90.0,833.0,3420.0,0,7,2022,25,30,0,2,100,113.72799839963092
420,2022-07-26,100.0,831.0,3402.0,1,7,2022,26,30,0,2,88,113.21722865679064
421,2022-07-27,88.0,793.0,3379.0,2,7,2022,27,30,0,2,148,113.20798169625381
422,2022-07-28,148.0,803.0,3440.0,3,7,2022,28,30,0,2,132,109.83328030155052
423,2022-07-29,132.0,812.0,3469.0,4,7,2022,29,30,0,2,94,114.32892919667765
424,2022-07-30,94.0,769.0,3428.0,5,7,2022,30,30,1,2,87,109.91259058301694
425,2022-07-31,87.0,739.0,3413.0,6,7,2022,31,30,1,2,104,107.0920127004616
426,2022-08-01,104.0,753.0,3343.0,0,8,2022,1,31,0,2,187,194.8529642406205
427,2022-08-02,187.0,840.0,3426.0,1,8,2022,2,31,0,2,138,102.58165519380826
428,2022-08-03,138.0,890.0,3464.0,2,8,2022,3,31,0,2,124,100.32135543390022
429,2022-08-04,124.0,866.0,3481.0,3,8,2022,4,31,0,2,150,104.405272744451
430,2022-08-05,150.0,884.0,3540.0,4,8,2022,5,31,0,2,140,100.65846776687059
431,2022-08-06,140.0,930.0,3570.0,5,8,2022,6,31,1,2,96,98.5135699847648
432,2022-08-07,96.0,939.0,3561.0,6,8,2022,7,31,1,2,109,94.23210123727442
433,2022-08-08,109.0,944.0,3565.0,0,8,2022,8,32,0,2,115,103.04506927934793
434,2022-08-09,115.0,872.0,3576.0,1,8,2022,9,32,0,2,116,103.46532873889568
435,2022-08-10,116.0,850.0,3594.0,2,8,2022,10,32,0,2,142,105.26063774637228
436,2022-08-11,142.0,868.0,3629.0,3,8,2022,11,32,0,2,132,101.33715445568808
437,2022-08-12,132.0,850.0,3658.0,4,8,2022,12,32,0,2,122,105.86580663123185
438,2022-08-13,122.0,832.0,3639.0,5,8,2022,13,32,1,2,90,103.60990210104082
439,2022-08-14,90.0,826.0,3616.0,6,8,2022,14,32,1,2,109,92.9554179614367
440,2022-08-15,109.0,826.0,3578.0,0,8,2022,15,33,0,2,124,106.49144821391015
441,2022-08-16,124.0,835.0,3592.0,1,8,2022,16,33,0,2,100,107.34630314130085
442,2022-08-17,100.0,819.0,3580.0,2,8,2022,17,33,0,2,126,102.69219737271774
443,2022-08-18,126.0,803.0,3604.0,3,8,2022,18,33,0,2,125,110.29148307978879
444,2022-08-19,125.0,796.0,3603.0,4,8,2022,19,33,0,2,115,110.1637042646273
445,2022-08-20,115.0,789.0,3580.0,5,8,2022,20,33,1,2,113,107.91710258457222
446,2022-08-21,113.0,812.0,3570.0,6,8,2022,21,33,1,2,94,98.68642929768984
447,2022-08-22,94.0,797.0,3527.0,0,8,2022,22,34,0,2,114,104.50297003489285
448,2022-08-23,114.0,787.0,3524.0,1,8,2022,23,34,0,2,108,112.81331338287522
449,2022-08-24,108.0,795.0,3542.0,2,8,2022,24,34,0,2,141,115.57786813982698
450,2022-08-25,141.0,810.0,3583.0,3,8,2022,25,34,0,2,113,108.76137837125592
451,2022-08-26,113.0,798.0,3608.0,4,8,2022,26,34,0,2,135,114.6725766762497
452,2022-08-27,135.0,818.0,3595.0,5,8,2022,27,34,1,2,99,108.4511243755188
453,2022-08-28,99.0,804.0,3562.0,6,8,2022,28,34,1,2,115,97.01623447555305
454,2022-08-29,115.0,825.0,3583.0,0,8,2022,29,35,0,2,120,115.4371000591209
455,2022-08-30,120.0,831.0,3616.0,1,8,2022,30,35,0,2,119,115.33842592618309
456,2022-08-31,119.0,842.0,3631.0,2,8,2022,31,35,0,2,115,116.35821191856475
457,2022-09-01,115.0,816.0,3559.0,3,9,2022,1,35,0,3,215,194.24268251713562
458,2022-09-02,215.0,918.0,3636.0,4,9,2022,2,35,0,3,143,110.60182742029338
459,2022-09-03,143.0,926.0,3655.0,5,9,2022,3,35,1,3,111,98.0331174447631
460,2022-09-04,111.0,938.0,3616.0,6,9,2022,4,35,1,3,92,99.4917919512049
461,2022-09-05,92.0,915.0,3568.0,0,9,2022,5,36,0,3,89,99.7938104449736
462,2022-09-06,89.0,884.0,3561.0,1,9,2022,6,36,0,3,93,101.71448801980567
463,2022-09-07,93.0,858.0,3545.0,2,9,2022,7,36,0,3,94,101.4411651285595
464,2022-09-08,94.0,837.0,3524.0,3,9,2022,8,36,0,3,119,103.14433320681958
465,2022-09-09,119.0,741.0,3527.0,4,9,2022,9,36,0,3,120,108.14544169204
466,2022-09-10,120.0,718.0,3505.0,5,9,2022,10,36,1,3,138,105.63183901211771
467,2022-09-11,138.0,745.0,3511.0,6,9,2022,11,36,1,3,119,96.53540519946283
468,2022-09-12,119.0,772.0,3508.0,0,9,2022,12,37,0,3,89,100.93815926670528
469,2022-09-13,89.0,772.0,3507.0,1,9,2022,13,37,0,3,105,100.8790838530915
470,2022-09-14,105.0,784.0,3503.0,2,9,2022,14,37,0,3,116,102.83281894039997
471,2022-09-15,116.0,806.0,3495.0,3,9,2022,15,37,0,3,120,108.96165815938242
472,2022-09-16,120.0,807.0,3515.0,4,9,2022,16,37,0,3,150,108.69375069258021
473,2022-09-17,150.0,837.0,3539.0,5,9,2022,17,37,1,3,110,100.66985415337257
474,2022-09-18,110.0,809.0,3524.0,6,9,2022,18,37,1,3,98,97.88527364796109
475,2022-09-19,98.0,788.0,3507.0,0,9,2022,19,38,0,3,130,101.39044197616403
476,2022-09-20,130.0,829.0,3524.0,1,9,2022,20,38,0,3,118,108.64233701060743
477,2022-09-21,118.0,842.0,3548.0,2,9,2022,21,38,0,3,124,111.33611709393742
478,2022-09-22,124.0,850.0,3558.0,3,9,2022,22,38,0,3,113,108.73379719101067
479,2022-09-23,113.0,843.0,3563.0,4,9,2022,23,38,0,3,118,112.08707041296444
480,2022-09-24,118.0,811.0,3540.0,5,9,2022,24,38,1,3,120,110.17346037164916
481,2022-09-25,120.0,821.0,3547.0,6,9,2022,25,38,1,3,96,101.5491407869999
482,2022-09-26,96.0,819.0,3508.0,0,9,2022,26,39,0,3,120,105.38336783278235
483,2022-09-27,120.0,809.0,3529.0,1,9,2022,27,39,0,3,112,114.99869535803836
484,2022-09-28,112.0,803.0,3526.0,2,9,2022,28,39,0,3,116,118.47747411434607
485,2022-09-29,116.0,795.0,3522.0,3,9,2022,29,39,0,3,125,118.58212662161762
486,2022-09-30,125.0,807.0,3528.0,4,9,2022,30,39,0,3,132,114.55764244786648
487,2022-10-01,132.0,821.0,3545.0,5,10,2022,1,39,1,3,188,182.0138667929293
488,2022-10-02,188.0,889.0,3518.0,6,10,2022,2,39,1,3,115,100.77347042424162
489,2022-10-03,115.0,908.0,3490.0,0,10,2022,3,40,0,3,117,98.43721454656695
490,2022-10-04,117.0,905.0,3496.0,1,10,2022,4,40,0,3,123,100.53375571728314
491,2022-10-05,123.0,916.0,3527.0,2,10,2022,5,40,0,3,126,100.14353683334602
492,2022-10-06,126.0,926.0,3564.0,3,10,2022,6,40,0,3,145,100.52545375017007
493,2022-10-07,145.0,946.0,3616.0,4,10,2022,7,40,0,3,116,99.15061587477484
494,2022-10-08,116.0,930.0,3638.0,5,10,2022,8,40,1,3,108,100.54602388050112
495,2022-10-09,108.0,850.0,3627.0,6,10,2022,9,40,1,3,101,98.48179850706033
496,2022-10-10,101.0,836.0,3608.0,0,10,2022,10,41,0,3,99,94.62075898344371
497,2022-10-11,99.0,818.0,3569.0,1,10,2022,11,41,0,3,107,98.10997315754238
498,2022-10-12,107.0,802.0,3557.0,2,10,2022,12,41,0,3,145,108.88467925671142
499,2022-10-13,145.0,821.0,3613.0,3,10,2022,13,41,0,3,137,101.22070951313627
500,2022-10-14,137.0,813.0,3645.0,4,10,2022,14,41,0,3,105,102.78330240334043
501,2022-10-15,105.0,802.0,3634.0,5,10,2022,15,41,1,3,148,101.9500890695544
502,2022-10-16,148.0,842.0,3662.0,6,10,2022,16,41,1,3,105,96.05587328301435
503,2022-10-17,105.0,846.0,3617.0,0,10,2022,17,42,0,3,125,97.24319380807987
504,2022-10-18,125.0,872.0,3632.0,1,10,2022,18,42,0,3,100,102.55724419510214
505,2022-10-19,100.0,865.0,3634.0,2,10,2022,19,42,0,3,100,100.25914366111792
506,2022-10-20,100.0,820.0,3604.0,3,10,2022,20,42,0,3,124,101.80280001519698
507,2022-10-21,124.0,807.0,3610.0,4,10,2022,21,42,0,3,133,109.90286162743344
508,2022-10-22,133.0,835.0,3619.0,5,10,2022,22,42,1,3,107,106.77817998775234
509,2022-10-23,107.0,794.0,3613.0,6,10,2022,23,42,1,3,113,101.3010529892984
510,2022-10-24,113.0,802.0,3608.0,0,10,2022,24,43,0,3,138,112.05205441051767
511,2022-10-25,138.0,815.0,3626.0,1,10,2022,25,43,0,3,124,104.51484150439414
512,2022-10-26,124.0,839.0,3654.0,2,10,2022,26,43,0,3,101,113.83892668532357
513,2022-10-27,101.0,840.0,3635.0,3,10,2022,27,43,0,3,130,105.77169635358426
514,2022-10-28,130.0,846.0,3653.0,4,10,2022,28,43,0,3,128,110.0154683633629
515,2022-10-29,128.0,841.0,3665.0,5,10,2022,29,43,1,3,88,110.02830013271345
516,2022-10-30,88.0,822.0,3628.0,6,10,2022,30,43,1,3,124,104.17234243757035
517,2022-10-31,124.0,833.0,3620.0,0,10,2022,31,44,0,3,122,110.70595543062853
518,2022-11-01,122.0,817.0,3554.0,1,11,2022,1,44,0,3,186,183.70662348935787
519,2022-11-02,186.0,879.0,3625.0,2,11,2022,2,44,0,3,141,97.68189104233484
520,2022-11-03,141.0,919.0,3649.0,3,11,2022,3,44,0,3,137,97.634882349556
521,2022-11-04,137.0,926.0,3663.0,4,11,2022,4,44,0,3,115,98.94880935483819
522,2022-11-05,115.0,913.0,3652.0,5,11,2022,5,44,1,3,130,101.4072478236009
523,2022-11-06,130.0,955.0,3637.0,6,11,2022,6,44,1,3,114,98.58889669330499
524,2022-11-07,114.0,945.0,3635.0,0,11,2022,7,45,0,3,92,98.42684727376128
525,2022-11-08,92.0,915.0,3619.0,1,11,2022,8,45,0,3,120,98.16741475780674
526,2022-11-09,120.0,849.0,3638.0,2,11,2022,9,45,0,3,132,102.90638998472475
527,2022-11-10,132.0,840.0,3671.0,3,11,2022,10,45,0,3,116,104.81653245925035
528,2022-11-11,116.0,819.0,3680.0,4,11,2022,11,45,0,3,142,107.85198855337198
529,2022-11-12,142.0,846.0,3677.0,5,11,2022,12,45,1,3,98,99.44630413309208
530,2022-11-13,98.0,814.0,3638.0,6,11,2022,13,45,1,3,87,94.29877137542735
531,2022-11-14,87.0,787.0,3620.0,0,11,2022,14,46,0,3,129,95.88881636780891
532,2022-11-15,129.0,824.0,3601.0,1,11,2022,15,46,0,3,135,103.25399808892622
533,2022-11-16,135.0,839.0,3631.0,2,11,2022,16,46,0,3,119,102.58955606027705
534,2022-11-17,119.0,826.0,3625.0,3,11,2022,17,46,0,3,125,107.20001897016877
535,2022-11-18,125.0,835.0,3650.0,4,11,2022,18,46,0,3,131,105.93761382243912
536,2022-11-19,131.0,824.0,3681.0,5,11,2022,19,46,1,3,91,105.78489523191774
537,2022-11-20,91.0,817.0,3648.0,6,11,2022,20,46,1,3,101,98.50040111508082
538,2022-11-21,101.0,831.0,3616.0,0,11,2022,21,47,0,3,133,95.77794980451269
539,2022-11-22,133.0,835.0,3642.0,1,11,2022,22,47,0,3,123,105.13522455577453
540,2022-11-23,123.0,823.0,3652.0,2,11,2022,23,47,0,3,128,109.01812915417261
541,2022-11-24,128.0,832.0,3642.0,3,11,2022,24,47,0,3,137,108.99358439499687
542,2022-11-25,137.0,844.0,3655.0,4,11,2022,25,47,0,3,144,103.05430321272883
543,2022-11-26,144.0,857.0,3698.0,5,11,2022,26,47,1,3,119,102.30035622648202
544,2022-11-27,119.0,885.0,3687.0,6,11,2022,27,47,1,3,77,102.8928699741015
545,2022-11-28,77.0,861.0,3636.0,0,11,2022,28,48,0,3,105,100.7185420385626
546,2022-11-29,105.0,833.0,3653.0,1,11,2022,29,48,0,3,109,102.90042193173628
547,2022-11-30,109.0,819.0,3638.0,2,11,2022,30,48,0,3,124,112.928042926678
548,2022-12-01,124.0,815.0,3640.0,3,12,2022,1,48,0,4,223,188.44051651184466
549,2022-12-02,223.0,901.0,3677.0,4,12,2022,2,48,0,4,126,108.31537472853698
550,2022-12-03,126.0,883.0,3662.0,5,12,2022,3,48,1,4,114,99.9225838850899
551,2022-12-04,114.0,878.0,3639.0,6,12,2022,4,48,1,4,104,100.97155535058934
552,2022-12-05,104.0,905.0,3628.0,0,12,2022,5,49,0,4,129,93.58728923490243
553,2022-12-06,129.0,929.0,3627.0,1,12,2022,6,49,0,4,128,98.10404446988015
554,2022-12-07,128.0,948.0,3641.0,2,12,2022,7,49,0,4,134,98.89530356136213
555,2022-12-08,134.0,958.0,3683.0,3,12,2022,8,49,0,4,159,99.65552390622784
556,2022-12-09,159.0,894.0,3722.0,4,12,2022,9,49,0,4,152,95.82811960084022
557,2022-12-10,152.0,920.0,3742.0,5,12,2022,10,49,1,4,145,96.49450332570741
558,2022-12-11,145.0,951.0,3771.0,6,12,2022,11,49,1,4,105,94.58196008686241
559,2022-12-12,105.0,952.0,3734.0,0,12,2022,12,50,0,4,119,93.56032928938271
560,2022-12-13,119.0,942.0,3755.0,1,12,2022,13,50,0,4,129,98.98773526310823
561,2022-12-14,129.0,943.0,3797.0,2,12,2022,14,50,0,4,110,99.7958785958088
562,2022-12-15,110.0,919.0,3778.0,3,12,2022,15,50,0,4,144,102.73715056038297
563,2022-12-16,144.0,904.0,3787.0,4,12,2022,16,50,0,4,123,96.78432357834862
564,2022-12-17,123.0,875.0,3791.0,5,12,2022,17,50,1,4,120,102.60101348388508
565,2022-12-18,120.0,850.0,3786.0,6,12,2022,18,50,1,4,118,101.42943527728751
566,2022-12-19,118.0,863.0,3773.0,0,12,2022,19,51,0,4,118,99.16486778616635
567,2022-12-20,118.0,862.0,3800.0,1,12,2022,20,51,0,4,122,100.62914000516942
568,2022-12-21,122.0,855.0,3821.0,2,12,2022,21,51,0,4,142,100.37001689710034
569,2022-12-22,142.0,887.0,3830.0,3,12,2022,22,51,0,4,150,93.83080663102322
570,2022-12-23,150.0,893.0,3857.0,4,12,2022,23,51,0,4,111,95.0631322207288
571,2022-12-24,111.0,881.0,3840.0,5,12,2022,24,51,1,4,83,105.40974636156201
572,2022-12-25,83.0,844.0,3786.0,6,12,2022,25,51,1,4,63,97.14024746429992
573,2022-12-26,63.0,789.0,3705.0,0,12,2022,26,52,0,4,76,91.86221377697902
574,2022-12-27,76.0,747.0,3662.0,1,12,2022,27,52,0,4,96,89.13630083064
575,2022-12-28,96.0,721.0,3681.0,2,12,2022,28,52,0,4,132,92.5714240289241
576,2022-12-29,132.0,711.0,3708.0,3,12,2022,29,52,0,4,137,91.23775244819642
577,2022-12-30,137.0,698.0,3736.0,4,12,2022,30,52,0,4,117,87.29797609961278
578,2022-12-31,117.0,704.0,3729.0,5,12,2022,31,52,1,4,112,94.7433290424219
579,2023-01-01,112.0,733.0,3618.0,6,1,2023,1,52,1,4,151,231.36289930555554
580,2023-01-02,151.0,821.0,3643.0,0,1,2023,2,1,0,4,90,97.38847421949396
581,2023-01-03,90.0,835.0,3619.0,1,1,2023,3,1,0,4,122,97.60805294386046
582,2023-01-04,122.0,861.0,3637.0,2,1,2023,4,1,0,4,131,99.44458369626892
583,2023-01-05,131.0,860.0,3639.0,3,1,2023,5,1,0,4,122,98.88658609847359
584,2023-01-06,122.0,845.0,3633.0,4,1,2023,6,1,0,4,115,99.92109812587773
585,2023-01-07,115.0,843.0,3614.0,5,1,2023,7,1,1,4,96,98.93576467931142
586,2023-01-08,96.0,827.0,3551.0,6,1,2023,8,1,1,4,69,90.0681261715786
587,2023-01-09,69.0,745.0,3468.0,0,1,2023,9,2,0,4,116,97.95091183628237
588,2023-01-10,116.0,771.0,3439.0,1,1,2023,10,2,0,4,121,102.60649519370469
589,2023-01-11,121.0,770.0,3455.0,2,1,2023,11,2,0,4,135,103.1781797620164
590,2023-01-12,135.0,774.0,3471.0,3,1,2023,12,2,0,4,102,102.76901729589665
591,2023-01-13,102.0,754.0,3444.0,4,1,2023,13,2,0,4,136,99.89846800480129
592,2023-01-14,136.0,775.0,3470.0,5,1,2023,14,2,1,4,138,100.92661421470821
593,2023-01-15,138.0,817.0,3464.0,6,1,2023,15,2,1,4,121,91.55012365752985
594,2023-01-16,121.0,869.0,3462.0,0,1,2023,16,3,0,4,103,99.52148251701122
595,2023-01-17,103.0,856.0,3445.0,1,1,2023,17,3,0,4,142,98.16292967380105
596,2023-01-18,142.0,877.0,3469.0,2,1,2023,18,3,0,4,123,99.53130893424554
597,2023-01-19,123.0,865.0,3474.0,3,1,2023,19,3,0,4,141,104.18085231700515
598,2023-01-20,141.0,904.0,3493.0,4,1,2023,20,3,0,4,117,101.50484820722791
599,2023-01-21,117.0,885.0,3468.0,5,1,2023,21,3,1,4,123,101.62707880208285
600,2023-01-22,123.0,870.0,3441.0,6,1,2023,22,3,1,4,113,94.6045773241598
601,2023-01-23,113.0,862.0,3443.0,0,1,2023,23,4,0,4,111,106.35205127141565
602,2023-01-24,111.0,870.0,3471.0,1,1,2023,24,4,0,4,108,107.58238420104861
603,2023-01-25,108.0,836.0,3516.0,2,1,2023,25,4,0,4,117,112.13353479422926
604,2023-01-26,117.0,830.0,3557.0,3,1,2023,26,4,0,4,90,111.68582072301386
605,2023-01-27,90.0,779.0,3551.0,4,1,2023,27,4,0,4,141,103.99948719395262
606,2023-01-28,141.0,803.0,3560.0,5,1,2023,28,4,1,4,117,105.70807569627911
607,2023-01-29,117.0,797.0,3540.0,6,1,2023,29,4,1,4,116,100.95441870210514
608,2023-01-30,116.0,800.0,3539.0,0,1,2023,30,5,0,4,123,112.71348051143053
609,2023-01-31,123.0,812.0,3550.0,1,1,2023,31,5,0,4,133,111.2526381281271
610,2023-02-01,133.0,837.0,3532.0,2,2,2023,1,5,0,4,153,180.30078124999997
611,2023-02-02,153.0,873.0,3595.0,3,2,2023,2,5,0,4,104,98.58428466890102
612,2023-02-03,104.0,887.0,3577.0,4,2,2023,3,5,0,4,127,98.83531843906431
613,2023-02-04,127.0,873.0,3573.0,5,2,2023,4,5,1,4,113,97.87654746016845
614,2023-02-05,113.0,869.0,3564.0,6,2,2023,5,5,1,4,89,93.44909709220914
615,2023-02-06,89.0,842.0,3538.0,0,2,2023,6,6,0,4,124,97.70676584878782
616,2023-02-07,124.0,843.0,3566.0,1,2,2023,7,6,0,4,118,102.06788390746921
617,2023-02-08,118.0,828.0,3615.0,2,2,2023,8,6,0,4,153,104.72017727836554
618,2023-02-09,153.0,828.0,3652.0,3,2,2023,9,6,0,4,133,101.42185040699204
619,2023-02-10,133.0,857.0,3664.0,4,2,2023,10,6,0,4,142,103.1486884870801
620,2023-02-11,142.0,872.0,3671.0,5,2,2023,11,6,1,4,129,98.27319055882153
621,2023-02-12,129.0,888.0,3698.0,6,2,2023,12,6,1,4,133,93.13969769781556
622,2023-02-13,133.0,932.0,3695.0,0,2,2023,13,7,0,4,126,100.34977976467947
623,2023-02-14,126.0,934.0,3683.0,1,2,2023,14,7,0,4,120,101.71743749992638
624,2023-02-15,120.0,936.0,3682.0,2,2,2023,15,7,0,4,109,102.22586544448114
625,2023-02-16,109.0,892.0,3688.0,3,2,2023,16,7,0,4,138,104.31240143674982
626,2023-02-17,138.0,897.0,3684.0,4,2,2023,17,7,0,4,125,101.65043857333566
627,2023-02-18,125.0,880.0,3686.0,5,2,2023,18,7,1,4,129,100.59732640697953
628,2023-02-19,129.0,880.0,3674.0,6,2,2023,19,7,1,4,99,95.32977368162177
629,2023-02-20,99.0,846.0,3656.0,0,2,2023,20,8,0,4,91,100.18587345153328
630,2023-02-21,91.0,811.0,3624.0,1,2,2023,21,8,0,4,129,103.44022988146858
631,2023-02-22,129.0,820.0,3640.0,2,2,2023,22,8,0,4,114,108.56155164656201
632,2023-02-23,114.0,825.0,3643.0,3,2,2023,23,8,0,4,114,111.13593026791217
633,2023-02-24,114.0,801.0,3649.0,4,2,2023,24,8,0,4,126,111.54865936493474
634,2023-02-25,126.0,802.0,3658.0,5,2,2023,25,8,1,4,137,107.9480798299659
635,2023-02-26,137.0,810.0,3705.0,6,2,2023,26,8,1,4,107,95.80764020251041
636,2023-02-27,107.0,818.0,3671.0,0,2,2023,27,9,0,4,125,109.54039375738597
637,2023-02-28,125.0,852.0,3679.0,1,2,2023,28,9,0,4,101,108.83870100637608
638,2023-03-01,101.0,824.0,3664.0,2,3,2023,1,9,0,1,180,180.1097891865079
639,2023-03-02,180.0,890.0,3721.0,3,3,2023,2,9,0,1,118,99.25670324230009
640,2023-03-03,118.0,894.0,3706.0,4,3,2023,3,9,0,1,117,100.30338606520641
641,2023-03-04,117.0,885.0,3670.0,5,3,2023,4,9,1,1,97,98.14219627917011
642,2023-03-05,97.0,845.0,3663.0,6,3,2023,5,9,1,1,118,91.93886581628944
643,2023-03-06,118.0,856.0,3654.0,0,3,2023,6,10,0,1,125,98.75223623661552
644,2023-03-07,125.0,856.0,3666.0,1,3,2023,7,10,0,1,121,101.23553124650418
645,2023-03-08,121.0,876.0,3698.0,2,3,2023,8,10,0,1,131,99.96671687700443
646,2023-03-09,131.0,827.0,3705.0,3,3,2023,9,10,0,1,118,104.85677376999482
647,2023-03-10,118.0,827.0,3705.0,4,3,2023,10,10,0,1,123,105.23289072415336
648,2023-03-11,123.0,833.0,3675.0,5,3,2023,11,10,1,1,105,101.88981362790607
649,2023-03-12,105.0,841.0,3647.0,6,3,2023,12,10,1,1,112,92.39852082627499
650,2023-03-13,112.0,835.0,3617.0,0,3,2023,13,11,0,1,99,103.53312003869115
651,2023-03-14,99.0,809.0,3587.0,1,3,2023,14,11,0,1,114,100.19485223708132
652,2023-03-15,114.0,802.0,3568.0,2,3,2023,15,11,0,1,138,108.0781743973106
653,2023-03-16,138.0,809.0,3580.0,3,3,2023,16,11,0,1,134,103.97376828310455
654,2023-03-17,134.0,825.0,3594.0,4,3,2023,17,11,0,1,131,104.9316584896858
655,2023-03-18,131.0,833.0,3616.0,5,3,2023,18,11,1,1,129,102.39890075314796
656,2023-03-19,129.0,857.0,3607.0,6,3,2023,19,11,1,1,105,95.13464970548215
657,2023-03-20,105.0,850.0,3587.0,0,3,2023,20,12,0,1,151,100.66145349653102
658,2023-03-21,151.0,902.0,3609.0,1,3,2023,21,12,0,1,127,101.54648845153034
659,2023-03-22,127.0,915.0,3637.0,2,3,2023,22,12,0,1,130,104.92084067655372
660,2023-03-23,130.0,907.0,3676.0,3,3,2023,23,12,0,1,141,106.3819267647082
661,2023-03-24,141.0,914.0,3688.0,4,3,2023,24,12,0,1,159,104.07357340144907
662,2023-03-25,159.0,942.0,3733.0,5,3,2023,25,12,1,1,120,101.95318268373043
663,2023-03-26,120.0,933.0,3739.0,6,3,2023,26,12,1,1,108,96.66767123065458
664,2023-03-27,108.0,936.0,3721.0,0,3,2023,27,13,0,1,128,108.4151648574305
665,2023-03-28,128.0,913.0,3712.0,1,3,2023,28,13,0,1,152,107.94023995805964
666,2023-03-29,152.0,938.0,3757.0,2,3,2023,29,13,0,1,143,104.90735503296288
667,2023-03-30,143.0,951.0,3775.0,3,3,2023,30,13,0,1,115,106.04716104198378
668,2023-03-31,115.0,925.0,3789.0,4,3,2023,31,13,0,1,122,108.03225246145222
669,2023-04-01,122.0,888.0,3731.0,5,4,2023,1,13,1,1,156,178.14
670,2023-04-02,156.0,924.0,3769.0,6,4,2023,2,13,1,1,111,95.39695122035461
671,2023-04-03,111.0,927.0,3763.0,0,4,2023,3,14,0,1,108,99.15141383755434
672,2023-04-04,108.0,907.0,3774.0,1,4,2023,4,14,0,1,122,101.72641591836927
673,2023-04-05,122.0,877.0,3778.0,2,4,2023,5,14,0,1,125,98.70458899121545
674,2023-04-06,125.0,859.0,3778.0,3,4,2023,6,14,0,1,163,101.23465832329788
675,2023-04-07,163.0,907.0,3820.0,4,4,2023,7,14,0,1,118,99.23680839377012
676,2023-04-08,118.0,903.0,3807.0,5,4,2023,8,14,1,1,120,98.46807279001298
677,2023-04-09,120.0,867.0,3809.0,6,4,2023,9,14,1,1,100,92.8423547102119
678,2023-04-10,100.0,856.0,3786.0,0,4,2023,10,15,0,1,113,97.16937905996691
679,2023-04-11,113.0,861.0,3794.0,1,4,2023,11,15,0,1,133,102.73676774442382
680,2023-04-12,133.0,872.0,3815.0,2,4,2023,12,15,0,1,143,102.12984047621934
681,2023-04-13,143.0,890.0,3859.0,3,4,2023,13,15,0,1,148,100.41472791910039
682,2023-04-14,148.0,875.0,3893.0,4,4,2023,14,15,0,1,156,99.8794226991047
683,2023-04-15,156.0,913.0,3911.0,5,4,2023,15,15,1,1,131,98.26508179401254
684,2023-04-16,131.0,924.0,3908.0,6,4,2023,16,15,1,1,133,93.42071986270068
685,2023-04-17,133.0,957.0,3910.0,0,4,2023,17,16,0,1,144,101.68590234444841
686,2023-04-18,144.0,988.0,3925.0,1,4,2023,18,16,0,1,127,100.96362438316744
687,2023-04-19,127.0,982.0,3947.0,2,4,2023,19,16,0,1,131,104.54732133108016
688,2023-04-20,131.0,970.0,3927.0,3,4,2023,20,16,0,1,157,104.8592305184799
689,2023-04-21,157.0,979.0,3957.0,4,4,2023,21,16,0,1,117,102.58467393517185
690,2023-04-22,117.0,940.0,3944.0,5,4,2023,22,16,1,1,100,102.36414655314768
691,2023-04-23,100.0,909.0,3903.0,6,4,2023,23,16,1,1,109,94.87141873271318
692,2023-04-24,109.0,885.0,3853.0,0,4,2023,24,17,0,1,148,107.43954271534336
693,2023-04-25,148.0,889.0,3881.0,1,4,2023,25,17,0,1,125,103.40176302732702
694,2023-04-26,125.0,887.0,3898.0,2,4,2023,26,17,0,1,136,107.95816031719906
695,2023-04-27,136.0,892.0,3906.0,3,4,2023,27,17,0,1,125,106.74694948295567
696,2023-04-28,125.0,860.0,3879.0,4,4,2023,28,17,0,1,146,108.8169851484554
697,2023-04-29,146.0,889.0,3882.0,5,4,2023,29,17,1,1,97,102.41594303648095
698,2023-04-30,97.0,886.0,3864.0,6,4,2023,30,17,1,1,112,99.46895101389238
699,2023-05-01,112.0,889.0,3854.0,0,5,2023,1,18,0,1,151,173.0188841540404
700,2023-05-02,151.0,892.0,3849.0,1,5,2023,2,18,0,1,141,98.52271460127086
701,2023-05-03,141.0,908.0,3879.0,2,5,2023,3,18,0,1,148,99.80285122006661
702,2023-05-04,148.0,920.0,3919.0,3,5,2023,4,18,0,1,142,100.12317183431757
703,2023-05-05,142.0,937.0,3939.0,4,5,2023,5,18,0,1,157,100.79145429255914
704,2023-05-06,157.0,948.0,3971.0,5,5,2023,6,18,1,1,129,97.59339480092446
705,2023-05-07,129.0,980.0,3937.0,6,5,2023,7,18,1,1,113,93.77336535327689
706,2023-05-08,113.0,981.0,3932.0,0,5,2023,8,19,0,1,161,100.88100848501902
707,2023-05-09,161.0,991.0,3973.0,1,5,2023,9,19,0,1,144,99.70935389345094
708,2023-05-10,144.0,994.0,4017.0,2,5,2023,10,19,0,1,162,100.91021522808488
709,2023-05-11,162.0,1008.0,4066.0,3,5,2023,11,19,0,1,146,101.09830238544046
710,2023-05-12,146.0,1012.0,4079.0,4,5,2023,12,19,0,1,159,101.9065224293047
711,2023-05-13,159.0,1014.0,4095.0,5,5,2023,13,19,1,1,139,98.75140380622861
712,2023-05-14,139.0,1024.0,4086.0,6,5,2023,14,19,1,1,125,93.32758702644165
713,2023-05-15,125.0,1036.0,4055.0,0,5,2023,15,20,0,1,133,101.49947932308991
714,2023-05-16,133.0,1008.0,4057.0,1,5,2023,16,20,0,1,140,103.12720788711023
715,2023-05-17,140.0,1004.0,4064.0,2,5,2023,17,20,0,1,128,102.05726624272755
716,2023-05-18,128.0,970.0,4048.0,3,5,2023,18,20,0,1,125,104.49614014028097
717,2023-05-19,125.0,949.0,4046.0,4,5,2023,19,20,0,1,121,105.20849584718418
718,2023-05-20,121.0,911.0,4036.0,5,5,2023,20,20,1,1,127,102.01130791459858
719,2023-05-21,127.0,899.0,4006.0,6,5,2023,21,20,1,1,105,95.73809940985412
720,2023-05-22,105.0,879.0,3994.0,0,5,2023,22,21,0,1,114,101.51222241801086
721,2023-05-23,114.0,860.0,4008.0,1,5,2023,23,21,0,1,137,109.33253401916035
722,2023-05-24,137.0,857.0,4036.0,2,5,2023,24,21,0,1,152,106.0177710122441
723,2023-05-25,152.0,881.0,4040.0,3,5,2023,25,21,0,1,127,105.3473602603449
724,2023-05-26,127.0,883.0,4042.0,4,5,2023,26,21,0,1,120,107.50017920708537
725,2023-05-27,120.0,882.0,4026.0,5,5,2023,27,21,1,1,129,105.02881749988713
726,2023-05-28,129.0,884.0,4030.0,6,5,2023,28,21,1,1,148,94.52245424647477
727,2023-05-29,148.0,927.0,4032.0,0,5,2023,29,22,0,1,95,105.14189252285206
728,2023-05-30,95.0,908.0,4030.0,1,5,2023,30,22,0,1,118,107.3020988076562
729,2023-05-31,118.0,889.0,4036.0,2,5,2023,31,22,0,1,148,110.25157220708158
730,2023-06-01,148.0,885.0,4033.0,3,6,2023,1,22,0,2,121,190.36183306277056
731,2023-06-02,121.0,879.0,4013.0,4,6,2023,2,22,0,2,147,102.94296060492142
732,2023-06-03,147.0,906.0,4012.0,5,6,2023,3,22,1,2,116,97.61279308277227
733,2023-06-04,116.0,893.0,3986.0,6,6,2023,4,22,1,2,120,96.35818063334713
734,2023-06-05,120.0,865.0,3949.0,0,6,2023,5,23,0,2,126,99.7721720744591
735,2023-06-06,126.0,896.0,3946.0,1,6,2023,6,23,0,2,128,100.00658069451136
736,2023-06-07,128.0,906.0,3961.0,2,6,2023,7,23,0,2,129,101.45417502785999
737,2023-06-08,129.0,887.0,3929.0,3,6,2023,8,23,0,2,138,102.27959684273686
738,2023-06-09,138.0,904.0,3923.0,4,6,2023,9,23,0,2,106,102.21478513914307
739,2023-06-10,106.0,863.0,3867.0,5,6,2023,10,23,1,2,116,102.30184609823793
740,2023-06-11,116.0,863.0,3837.0,6,6,2023,11,23,1,2,92,94.90748374194335
741,2023-06-12,92.0,835.0,3770.0,0,6,2023,12,24,0,2,91,101.20381881269115
742,2023-06-13,91.0,800.0,3722.0,1,6,2023,13,24,0,2,102,104.28239707886227
743,2023-06-14,102.0,774.0,3699.0,2,6,2023,14,24,0,2,84,98.21545132114056
744,2023-06-15,84.0,729.0,3650.0,3,6,2023,15,24,0,2,61,103.38484947398756
745,2023-06-16,61.0,652.0,3571.0,4,6,2023,16,24,0,2,97,98.83211741961473
746,2023-06-17,97.0,643.0,3540.0,5,6,2023,17,24,1,2,93,99.07405456422039
747,2023-06-18,93.0,620.0,3508.0,6,6,2023,18,24,1,2,75,93.4700645582214
748,2023-06-19,75.0,603.0,3462.0,0,6,2023,19,25,0,2,75,95.77850864846815
749,2023-06-20,75.0,587.0,3410.0,1,6,2023,20,25,0,2,98,99.14662548022389
750,2023-06-21,98.0,583.0,3403.0,2,6,2023,21,25,0,2,80,104.85741959742813
751,2023-06-22,80.0,579.0,3369.0,3,6,2023,22,25,0,2,75,101.69502934252311
752,2023-06-23,75.0,593.0,3307.0,4,6,2023,23,25,0,2,58,98.59557531793266
753,2023-06-24,58.0,554.0,3213.0,5,6,2023,24,25,1,2,60,90.90358315852109
754,2023-06-25,60.0,521.0,3146.0,6,6,2023,25,25,1,2,59,90.1830385743051
755,2023-06-26,59.0,505.0,3085.0,0,6,2023,26,26,0,2,59,89.02371999479982
756,2023-06-27,59.0,489.0,3015.0,1,6,2023,27,26,0,2,70,80.59677648008169
757,2023-06-28,70.0,461.0,2937.0,2,6,2023,28,26,0,2,61,78.94401368751534
758,2023-06-29,61.0,442.0,2903.0,3,6,2023,29,26,0,2,53,80.11481245112392
759,2023-06-30,53.0,420.0,2838.0,4,6,2023,30,26,0,2,35,77.18242563418349
760,2023-07-01,35.0,397.0,2725.0,5,7,2023,1,26,1,2,31,150.20983134920635
